Datetime,Water Level (m)
2025-06-13 00:00:00,-0.19952095
2025-06-13 01:00:00,0.25891495
2025-06-13 02:00:00,0.74201035
2025-06-13 03:00:00,1.156799
2025-06-13 04:00:00,1.3526821
2025-06-13 05:00:00,1.29356
2025-06-13 06:00:00,0.9889857
2025-06-13 07:00:00,0.5254062
2025-06-13 08:00:00,0.062416732
2025-06-13 09:00:00,-0.3443299
2025-06-13 10:00:00,-0.4972733
2025-06-13 11:00:00,-0.509201
2025-06-13 12:00:00,-0.3255425
2025-06-13 13:00:00,0.012583558
2025-06-13 14:00:00,0.37691024
2025-06-13 15:00:00,0.67979723
2025-06-13 16:00:00,0.8804027
2025-06-13 17:00:00,0.85331655
2025-06-13 18:00:00,0.6274167
2025-06-13 19:00:00,0.22971803
2025-06-13 20:00:00,-0.1846492
2025-06-13 21:00:00,-0.5554124
2025-06-13 22:00:00,-0.67253476
2025-06-13 23:00:00,-0.6347607
2025-06-14 00:00:00,-0.35708842
2025-06-14 01:00:00,0.05183518
2025-06-14 02:00:00,0.50972855
2025-06-14 03:00:00,0.98551184
2025-06-14 04:00:00,1.2881731
2025-06-14 05:00:00,1.382947
2025-06-14 06:00:00,1.2362682
2025-06-14 07:00:00,0.84950346
2025-06-14 08:00:00,0.37696272
2025-06-14 09:00:00,-0.06608805
2025-06-14 10:00:00,-0.40436572
2025-06-14 11:00:00,-0.5157776
2025-06-14 12:00:00,-0.45946878
2025-06-14 13:00:00,-0.2000258
2025-06-14 14:00:00,0.15580595
2025-06-14 15:00:00,0.5047538
2025-06-14 16:00:00,0.79086524
2025-06-14 17:00:00,0.92297524
2025-06-14 18:00:00,0.8351745
2025-06-14 19:00:00,0.5234219
2025-06-14 20:00:00,0.12302356
2025-06-14 21:00:00,-0.27062184
2025-06-14 22:00:00,-0.5197825
2025-06-14 23:00:00,-0.5837837
2025-06-15 00:00:00,-0.49150246
2025-06-15 01:00:00,-0.15819055
2025-06-15 02:00:00,0.27982995
2025-06-15 03:00:00,0.681243
2025-06-15 04:00:00,1.078546
2025-06-15 05:00:00,1.3167942
2025-06-15 06:00:00,1.3509476
2025-06-15 07:00:00,1.1166673
2025-06-15 08:00:00,0.69887924
2025-06-15 09:00:00,0.255611
2025-06-15 10:00:00,-0.18599054
2025-06-15 11:00:00,-0.4201332
2025-06-15 12:00:00,-0.48594114
2025-06-15 13:00:00,-0.35358742
2025-06-15 14:00:00,-0.063871816
2025-06-15 15:00:00,0.30640694
2025-06-15 16:00:00,0.6208693
2025-06-15 17:00:00,0.8715622
2025-06-15 18:00:00,0.9330725
2025-06-15 19:00:00,0.7986747
2025-06-15 20:00:00,0.47970474
2025-06-15 21:00:00,0.14297508
2025-06-15 22:00:00,-0.20764996
2025-06-15 23:00:00,-0.41469762
2025-06-16 00:00:00,-0.4808825
2025-06-16 01:00:00,-0.33696455
2025-06-16 02:00:00,-0.005806413
2025-06-16 03:00:00,0.4050778
2025-06-16 04:00:00,0.83422977
2025-06-16 05:00:00,1.2032834
2025-06-16 06:00:00,1.3605084
2025-06-16 07:00:00,1.2949694
2025-06-16 08:00:00,0.988639
2025-06-16 09:00:00,0.55868286
2025-06-16 10:00:00,0.15548362
2025-06-16 11:00:00,-0.22314909
2025-06-16 12:00:00,-0.40671465
2025-06-16 13:00:00,-0.468701
2025-06-16 14:00:00,-0.30011997
2025-06-16 15:00:00,0.022746468
2025-06-16 16:00:00,0.3882251
2025-06-16 17:00:00,0.6721891
2025-06-16 18:00:00,0.8958326
2025-06-16 19:00:00,0.9350515
2025-06-16 20:00:00,0.7974526
2025-06-16 21:00:00,0.4907644
2025-06-16 22:00:00,0.16993682
2025-06-16 23:00:00,-0.16213839
2025-06-17 00:00:00,-0.34267324
2025-06-17 01:00:00,-0.37517717
2025-06-17 02:00:00,-0.20690626
2025-06-17 03:00:00,0.13285881
2025-06-17 04:00:00,0.51525074
2025-06-17 05:00:00,0.91420734
2025-06-17 06:00:00,1.195926
2025-06-17 07:00:00,1.2938454
2025-06-17 08:00:00,1.181314
2025-06-17 09:00:00,0.8537793
2025-06-17 10:00:00,0.45079842
2025-06-17 11:00:00,0.05791056
2025-06-17 12:00:00,-0.26297262
2025-06-17 13:00:00,-0.4265191
2025-06-17 14:00:00,-0.45029843
2025-06-17 15:00:00,-0.2555303
2025-06-17 16:00:00,0.053054653
2025-06-17 17:00:00,0.40547517
2025-06-17 18:00:00,0.6904036
2025-06-17 19:00:00,0.91033834
2025-06-17 20:00:00,0.9348731
2025-06-17 21:00:00,0.79365015
2025-06-17 22:00:00,0.49440467
2025-06-17 23:00:00,0.18671396
2025-06-18 00:00:00,-0.13262595
2025-06-18 01:00:00,-0.2938637
2025-06-18 02:00:00,-0.29190314
2025-06-18 03:00:00,-0.1244646
2025-06-18 04:00:00,0.18592873
2025-06-18 05:00:00,0.51842463
2025-06-18 06:00:00,0.8624054
2025-06-18 07:00:00,1.1000118
2025-06-18 08:00:00,1.1740758
2025-06-18 09:00:00,1.0550675
2025-06-18 10:00:00,0.74285424
2025-06-18 11:00:00,0.38468388
2025-06-18 12:00:00,0.0024619862
2025-06-18 13:00:00,-0.30524835
2025-06-18 14:00:00,-0.46482977
2025-06-18 15:00:00,-0.46404368
2025-06-18 16:00:00,-0.2592425
2025-06-18 17:00:00,0.06265296
2025-06-18 18:00:00,0.4231112
2025-06-18 19:00:00,0.71572584
2025-06-18 20:00:00,0.925348
2025-06-18 21:00:00,0.9623023
2025-06-18 22:00:00,0.8358328
2025-06-18 23:00:00,0.5565489
2025-06-19 00:00:00,0.25933847
